{"Name":"CompactDataWorkspace","skuid__Resource_Name__c":"CompactDataWorkspaceDESIGNSYSTEM","skuid__Type__c":"Ink","skuid__Active__c":true,"CreatedDate":"2020-04-02T18:30:39.000+0000","CreatedById":"0050P000007Jkx2QAC","skuid__Skuid_Version_Date__c":"1585841447000","LastModifiedDate":"2020-04-13T20:33:22.000+0000","CreatedBy":{"attributes":{"type":"User","url":"/services/data/v48.0/sobjects/User/0050P000007Jkx2QAC"},"Name":"Huyen York","Id":"0050P000007Jkx2QAC"},"Id15":"a162f000000A0gR","marked_as_default":false,"isV2":true,"pretty_update_date":"Updated 8 minutes ago"}